topic_1,topic_2,topic_3,topic_4,topic_5,topic_6,topic_7,topic_8,topic_9,topic_10,topic_11,topic_12,topic_13,topic_14,topic_15,topic_16,topic_17,topic_18,topic_19,topic_20,topic_21,topic_22,topic_23,topic_24,topic_25,topic_26,topic_27,topic_28,topic_29,topic_30,topic_31,topic_32,topic_33,topic_34,topic_35,topic_36,topic_37,topic_38,topic_39,topic_40,topic_41,topic_42,topic_43,topic_44,topic_45,topic_46,topic_47,topic_48,topic_49,topic_50
student,programm,teach,colleg,higher,work,colleg,support,learn,learn,employ,colleg,time,student,employ,learner,programm,name,student,learn,research,student,modul,student,student,student,work,univers,colleg,educ,student,data,student,programm,staff,student,feedback,colleg,programm,provid,colleg,particip,staff,colleg,level,higher,student,cours,industri,student
employ,studi,student,tq3,studi,part,educ,practic,teach,teach,provid,student,provid,support,higher,progress,student,will,develop,develop,exampl,programm,learn,support,colleg,opportun,learn,centr,higher,hnc,within,colleg,high,observ,year,programm,art,cours,engin,name,level,design,practic,student,employ,educ,industri,work,anim,teach
provid,improv,work,time,number,high,learn,employ,staff,engag,academ,educ,full,skill,progress,programm,colleg,page,learn,support,extern,academ,continu,studi,year,group,success,manag,develop,univers,engag,student,outcom,learn,group,develop,fda,provid,time,studi,educ,new,report,page,degre,student,one,effect,manag,cours
achiev,meet,award,so2,univers,enabl,work,studi,support,use,graduat,learn,year,use,programm,meet,meet,deliveri,support,page,includ,also,provis,assess,cours,involv,repres,support,programm,support,academ,metric,metric,good,ukprn,inform,creativ,develop,employ,higher,teach,improv,year,staff,increas,feedback,experi,also,level,high
commit,complet,excel,le2,year,standard,provis,research,ucw,enhanc,colleg,higher,feedback,cours,student,improv,examin,survey,skill,qualiti,process,staff,student,feedback,provid,inform,pt,engin,provis,will,develop,year,qualiti,teach,activ,effect,ba,also,part,access,within,first,teach,year,high,group,examin,posit,attend,feedback
offer,facil,time,mean,also,current,curriculum,skill,space,relat,one,teach,part,develop,ensur,hnd,extern,progress,work,academ,follow,graduat,studi,activ,employ,access,cornwal,staff,extern,qualiti,support,tef,tef,ensur,project,plan,student,manag,indic,train,expect,widen,qualif,benchmark,nation,teach,allow,receiv,bsc,year
qualiti,includ,success,nss,centr,abl,provid,area,practic,assess,cours,improv,addit,includ,area,colleg,develop,salford,practic,employ,intern,within,includ,attend,meet,deliveri,high,enabl,nation,current,modul,key,abov,feedback,two,enhanc,music,good,full,can,perform,given,support,ukprn,colleg,assess,progress,result,equin,skill
posit,ukprn,across,neath,good,environ,assess,tutor,design,base,team,staff,within,plan,also,achiev,report,part,need,process,tutor,opportun,design,number,team,provis,ft,sector,examin,manag,dure,popul,skill,rang,new,assess,veri,engag,nss,deliv,degre,mani,manag,rate,research,ensur,time,present,action,colleg
well,train,also,rate,educ,strateg,strategi,career,cultur,nss,data,nss,south,specif,foundat,train,follow,local,identifi,student,graduat,plymouth,level,grade,modul,feedback,group,grade,assess,provis,achiev,show,review,requir,committe,engag,case,employ,manag,servic,continu,around,experi,split,partner,institut,session,assess,year,staff
continu,issu,framework,port,qualiti,help,higher,good,student,respons,group,rate,qualif,team,educ,review,identifi,kirkle,opportun,provid,award,highlight,review,posit,relat,subject,partnership,recent,time,communiti,event,non,provid,area,campus,employ,theatr,well,low,nation,profession,see,rate,two,collabor,industri,opportun,whilst,skill,develop
profession,sector,examin,so1,report,local,key,set,devon,progress,support,qualiti,learner,work,increas,univers,opportun,area,servic,ukprn,provid,clear,annual,survey,progress,encourag,provis,room,level,pearson,use,submiss,teach,identifi,scholar,demonstr,move,assess,start,abov,coach,individu,evalu,flag,averag,report,work,discuss,use,learn
academ,via,fd,talbot,recognis,placement,enhanc,academ,inform,subject,fund,survey,achiev,part,studi,inform,area,offer,approach,impact,project,develop,activ,day,good,busi,tccg,now,continu,peopl,success,result,qaa,review,team,experi,onli,project,confirm,local,point,institut,academ,employ,recruit,learn,year,teach,base,teacher
consid,hour,perform,score,signific,well,opportun,project,impact,outcom,nurs,tabl,relat,time,need,complet,ensur,can,improv,addit,submiss,success,assess,appli,visit,share,retent,year,valid,hnd,strategi,onli,tq1,session,review,staff,formal,environ,overal,student,offer,technolog,knowledg,avail,chang,qualiti,can,strode,top,progress
across,new,sector,report,hon,academ,experi,profession,digit,session,show,assess,cohort,deliv,effect,experi,manag,univers,citi,new,area,activ,respons,career,ukprn,valu,edexcel,therefor,non,region,employ,total,identifi,share,set,requir,give,teach,teacher,focus,studi,toward,show,continu,graduat,meet,design,veri,faculti,achiev
level,review,effect,averag,last,agre,leader,lectur,reflect,process,area,result,onli,person,resourc,fd,univers,last,creat,profession,current,first,academ,design,top,practic,adult,demonstr,local,one,establish,top,develop,need,qualiti,current,form,said,self,attend,learn,rate,addit,help,commend,deliveri,benefit,use,unit,monitor
enhanc,mark,ukprn,group,across,experi,discuss,progress,univers,innov,monitor,provis,comment,also,signific,lesson,within,develop,team,review,excel,hartpuri,outcom,well,work,satisfact,contribut,base,so3,learner,repres,signific,full,discuss,rang,process,small,strong,given,centr,valu,lead,student,programm,matur,ncg,help,area,may,access
futur,data,standard,tq2,way,question,award,individu,formal,profession,kent,satisfact,enrol,teach,strong,day,head,northampton,area,intern,facilit,focus,curriculum,inform,teessid,three,benefit,veri,respons,scienc,rang,previous,achiev,team,particip,approach,perform,excel,system,qualif,data,knowledg,link,non,fe,will,tutori,contact,land,report
strategi,nss,percentag,show,first,social,open,core,idea,relev,workshop,activ,result,programm,impact,access,also,hei,major,action,outcom,uk,resourc,tutori,care,led,partner,produc,feedback,school,workshop,retent,subject,ani,direct,aim,cohort,observ,nation,meet,place,background,visit,review,scholarship,evalu,curriculum,uk,mani,support
consist,survey,full,metric,three,cohort,promot,collabor,place,foundat,univers,veri,assess,dure,care,strength,hnd,need,specialist,practic,curriculum,specif,valid,complet,new,gain,start,sinc,excel,partnership,recognis,indic,industri,univers,peer,region,teacher,wide,last,relat,extern,communiti,prepar,lead,tef,observ,success,make,ee,allow
approach,impact,annual,full,board,includ,formal,score,access,specif,governor,use,one,grade,outcom,veri,procedur,scc,base,work,meet,encourag,full,fdsc,page,utilis,uclan,social,support,rout,action,benchmark,design,resourc,fund,posit,enabl,campus,organis,follow,exampl,facil,three,repres,context,activ,best,now,repres,effect
addit,innov,report,data,comment,respons,area,target,festiv,induct,produc,includ,agre,busi,part,survey,ashford,tef2,profession,induct,initi,assist,metric,result,degre,polici,project,exet,allow,partner,ensur,flag,learn,take,applic,opportun,find,student,hartlepool,complet,sport,qualifi,period,taken,recent,chichest,show,need,scienc,direct
develop,comment,direct,continu,overal,access,relev,potenti,previous,take,ani,clear,confid,comput,receiv,repres,will,give,earli,clear,hon,indic,plan,disabl,receiv,addit,event,inspir,provid,nation,role,institut,veterinari,year,structur,individu,written,link,industri,benchmark,examin,everi,week,negat,reflect,head,centr,strong,invit,contribut
vocat,assur,receiv,iqer,mani,skill,process,regular,consid,hea,person,score,assign,resourc,invest,involv,polici,year,offer,avail,class,expect,opportun,monitor,two,public,advic,technic,consult,committe,experi,evid,kingston,lectur,creativ,enabl,degre,week,direct,futur,pearson,trend,well,meet,fund,provis,promot,perform,place,background
low,accredit,posit,core,ba,health,aspect,flag,focus,respond,moodl,posit,intern,made,degre,awar,award,sdc,enterpris,relat,involv,appropri,qaa,level,local,content,introduc,becom,differ,appli,skill,impact,role,new,member,curriculum,describ,build,recommend,sector,monitor,particular,bodi,differ,scheme,organis,media,resourc,dissert,improv
attain,deliv,lectur,recent,job,gain,econom,evid,hca,recent,peer,hertfordshir,analysi,term,local,engin,counti,age,impact,enhanc,cross,strateg,regard,mark,durham,understand,human,consist,young,pass,requir,follow,satisfact,support,across,technolog,strong,rang,unemploy,present,made,addit,excel,penwith,even,train,abl,graduat,understand,observ
regular,communic,publish,statement,wide,expect,rais,help,open,varieti,confer,core,two,appropri,career,set,role,may,social,time,challeng,manchest,undertak,group,foundat,cours,least,great,le3,busi,implement,time,le1,annual,scholarship,recruit,rep,page,outsid,includ,lower,context,structur,young,form,submiss,deliv,across,increas,initi
abov,qualiti,mode,resourc,class,polici,monitor,can,recognis,disadvantag,theme,destin,averag,member,independ,induct,feedback,hcg,resourc,librari,person,includ,reflect,engag,deliveri,measur,befor,extend,access,diploma,throughout,detail,enhanc,cpd,sinc,particip,much,sussex,avail,individu,track,organis,guidanc,encourag,proport,knowledg,assign,benchmark,includ,particular
environ,doe,york,good,honour,term,profession,combin,can,close,degre,perform,present,divers,key,anoth,west,citi,digit,level,specialist,life,extern,vle,number,point,object,model,one,aspir,embed,tabl,univers,qualiti,hull,east,despit,wcg,intern,differ,enrol,element,introduc,abl,submiss,support,focus,challeng,prior,person
relev,interest,high,quintil,senior,note,oper,aspir,addit,scholarship,updat,observ,report,will,vle,journal,greenwich,advanc,partnership,involv,evidenc,integr,skill,includ,train,rnn,qualif,entri,tef,servic,confid,overal,north,use,aim,benefit,fashion,panel,hn,figur,across,engag,dedic,tutor,clear,produc,speaker,busi,onli,enabl
core,major,self,campus,north,second,staff,state,hereford,inclus,consid,tutor,taught,standard,materi,make,hnc,compar,place,curriculum,system,fulli,aim,focus,felt,via,pastor,famili,categori,construct,order,world,part,prepar,manag,review,integr,understand,next,tariff,sunderland,undergradu,workplac,discuss,introduct,equip,facil,figur,hold,system
polar,degre,may,compar,remain,run,approv,experi,basi,measur,contribut,target,final,depart,retent,sourc,process,just,onlin,placement,level,schedul,evalu,review,result,music,execut,although,rang,uk,partnership,make,benchmark,avail,cultur,school,summat,senior,summari,age,art,live,view,respond,dlhe,clear,space,extens,placement,process
alloc,consult,bodi,first,larg,build,fe,natur,tradit,confer,event,dure,highlight,issu,focus,demand,address,measur,give,board,student,nation,go,cpd,state,staff,best,map,understand,femal,work,seen,time,book,hefc,compar,sever,within,confid,general,end,environ,progress,although,entri,communiti,highlight,ee,behaviour,base
quintil,wider,main,page,institut,share,hei,tutori,taken,entri,ba,darlington,qaa,requir,monitor,effect,appropri,within,contribut,extern,maintain,bodi,strategi,transit,earli,promot,landscap,suit,standard,depriv,promot,proport,averag,action,larg,confer,flexibl,approv,white,wide,start,less,offic,therefor,enter,decis,mean,voic,link,valu
section,previous,basi,count,whole,busi,appropri,analysi,enabl,development,name,construct,made,need,intern,assist,sector,possibl,environ,resourc,small,scheme,procedur,avail,region,can,vice,voic,align,media,practition,comput,foundat,outstand,assur,observ,declin,plumpton,retain,technolog,certif,compar,detail,refer,analysi,undertaken,applic,stretch,commerci,annual
uk,remain,complet,march,either,feel,stakehold,reaseheath,framework,start,seri,consist,like,chang,apprenticeship,note,hadlow,satisfact,format,retent,invest,individu,appoint,truro,programm,advanc,advisor,fur,fec,director,degre,arrang,reflect,due,now,teach,technic,get,pgce,non,framework,initi,can,agreement,long,applic,think,januari,standard,veri
place,sport,graduat,non,product,partnership,teach,signific,identifi,tradit,financi,high,dedic,level,group,indic,check,prospect,particular,potenti,post,approach,posit,moder,take,result,primari,usual,lowest,system,network,satisfact,outstand,will,art,approv,locat,rais,electron,result,prior,purpos,sinc,take,embed,ani,trip,interact,conserv,knowledg
widen,undertak,signific,advic,base,exampl,evid,agricultur,awar,environ,canterburi,reflect,help,strateg,intervent,fund,partner,qualif,portfolio,target,address,taken,end,type,place,howev,eight,resid,section,manufactur,forum,number,survey,manag,present,contact,like,alway,although,classroom,run,base,particular,adapt,approxim,need,onlin,event,week,abov
librari,except,applic,tabl,experienc,led,make,rais,heb,consist,overal,mean,section,offer,size,studio,staff,enhanc,take,continu,achiev,share,prioriti,organis,taken,better,exit,build,consortium,g,improv,provid,scholar,close,small,valid,apprenticeship,job,four,disabl,four,studio,rang,pc,relationship,serv,baird,oakland,guidanc,engag
standard,four,earli,feedback,princip,growth,moder,case,disciplin,evid,onto,outcom,deliveri,health,tq4,leader,level,conduct,strength,princip,alongsid,acknowledg,particular,collect,time,gap,leigh,level,childhood,equip,union,fc,specialist,sport,board,profil,interest,brighton,male,heart,product,us,return,handbook,lower,suggest,hugh,see,within,ukprn
extens,associ,demonstr,dhle,doncast,peer,document,region,given,confirm,myerscough,comprehens,consist,concern,guidanc,fulli,enter,amongst,disabl,destin,term,aim,criteria,leader,cleveland,dlhe,census,lindsey,selbi,act,identifi,negat,stage,link,photographi,also,referr,line,one,lrc,staff,dissemin,import,minut,annual,various,hous,exist,size,partner
demonstr,proport,fashion,note,profil,stimul,mechan,re,themselv,along,state,encourag,vocat,outstand,hefc,greater,back,form,risk,document,risk,intern,ensur,total,counsel,game,emerg,practic,wakefield,aylesburi,key,play,publish,provid,focus,lead,explain,seek,alreadi,rais,financi,real,consider,drop,one,receiv,brief,seen,g,ensur
critic,past,blackpool,confid,carri,relationship,popul,compar,artist,method,contextu,franchis,nss,subject,upon,worcest,design,maurward,leed,period,activ,workforc,initi,evid,compani,enrich,six,attract,district,best,import,travel,amongst,assur,co,contribut,model,move,come,quartil,account,appropri,annual,practic,shown,tdap,record,expert,horticultur,standard
mani,option,hospit,aa,mechan,open,held,order,lab,central,week,explain,requir,regular,perform,award,year,keen,extern,robust,make,regard,number,system,music,special,organis,day,criteria,well,record,mark,object,petroc,northbrook,part,awar,invit,get,inspect,reinforc,children,industri,univers,look,empow,support,thing,reflect,attribut
rigor,sponsor,sampl,headcount,major,togeth,per,contextualis,sslcs,influenc,first,major,whilst,handbook,record,necessari,voic,greater,howev,mechan,five,west,time,non,close,communiti,decemb,governor,detail,provid,session,close,le3,advic,interview,extend,aspect,south,timet,main,deliveri,januari,flexibl,everi,statist,capabl,believ,unit,post,lesson
represent,satisfi,oper,overal,gain,import,school,high,curricular,survey,three,ride,confer,engin,confirm,graphic,offer,stage,ad,indic,strength,therefor,will,stage,technolog,attend,leav,typic,succeed,whilst,aspect,note,vocat,format,come,stretch,state,fdsc,town,essenti,often,criteria,ask,ani,seek,regard,film,topic,independ,facil
panel,metropolitan,network,highburi,provis,class,liverpool,abil,find,offic,align,issu,summat,howev,full,hold,garden,construct,depriv,tutori,major,valuabl,faculti,resourc,undertak,activ,vision,lincolnshir,percentag,ofst,award,region,framework,upon,peopl,challeng,extrem,commit,great,live,enabl,just,conduct,new,agenc,pedagog,contact,encourag,requir,recognis
good,much,govern,nptc,etho,life,secur,personalis,consult,digit,academi,success,onto,highest,academi,represent,room,attract,introduc,receiv,report,featur,encourag,mentor,general,gather,hub,histori,circumst,countri,distinct,scienc,distinct,now,except,panel,valley,two,co,join,held,transfer,possibl,journal,resourc,detail,read,postgradu,provid,hei
final,driven,won,fe,impress,real,goal,complet,hecpd,connect,wildlif,thing,occur,inform,build,featur,chang,apprentic,relev,sever,difficulti,curriculum,teacher,method,qualif,field,anticip,staf,facilit,line,split,sound,strateg,respons,write,brief,third,possibl,counti,upon,past,better,tef,just,librari,speciÔ¨Åc,task,like,farm,awar
physic,prompt,factor,made,vari,certif,associ,valid,spa,fellow,list,paragraph,uca,submit,site,outcom,either,quintil,suggest,theme,outlin,step,colleg,factor,lectur,inspir,chariti,necessari,replic,vocat,hour,base,commend,deliveri,agreement,invit,abov,prepar,record,staff,transit,bursari,math,better,anoth,exam,act,creat,estat,per
taught,portfolio,undergradu,qaa,divers,children,challeng,question,quantiti,open,read,cohort,interview,monitor,fulli,march,competit,better,mission,virtual,period,align,cover,data,come,becaus,prioritis,back,hesa,benefit,way,sourc,question,recommend,mission,categori,m,achiev,onli,gain,excel,famili,apprais,line,vocat,encourag,advic,exam,trust,independ
