topic_1,topic_2,topic_3,topic_4,topic_5,topic_6,topic_7,topic_8,topic_9,topic_10,topic_11,topic_12,topic_13,topic_14,topic_15,topic_16,topic_17,topic_18,topic_19,topic_20,topic_21,topic_22,topic_23,topic_24,topic_25,topic_26,topic_27,topic_28,topic_29,topic_30,topic_31,topic_32,topic_33,topic_34,topic_35,topic_36,topic_37,topic_38,topic_39,topic_40,topic_41,topic_42,topic_43,topic_44,topic_45,topic_46,topic_47,topic_48,topic_49,topic_50,topic_51,topic_52,topic_53,topic_54,topic_55,topic_56,topic_57,topic_58,topic_59,topic_60,topic_61,topic_62,topic_63,topic_64,topic_65,topic_66,topic_67,topic_68,topic_69,topic_70,topic_71,topic_72,topic_73,topic_74,topic_75,topic_76,topic_77,topic_78,topic_79,topic_80,topic_81,topic_82,topic_83,topic_84,topic_85,topic_86,topic_87,topic_88,topic_89,topic_90,topic_91,topic_92,topic_93,topic_94,topic_95,topic_96,topic_97,topic_98,topic_99,topic_100
year,student,within,work,univers,institut,student,support,student,student,learn,student,learn,colleg,skill,student,school,research,student,part,educ,student,student,area,student,educ,student,educ,fund,student,art,support,programm,music,theatr,employ,learn,student,student,student,school,higher,learn,student,st,provid,univers,teach,univers,programm,student,learn,bu,year,student,academ,teach,skill,cours,data,faculti,student,higher,year,employ,teach,support,support,student,learner,staff,student,research,student,learner,colleg,student,student,studi,univers,student,programm,colleg,student,student,higher,student,univers,cours,student,degre,teach,student,time,student,student,student,qualiti,student,industri
undergradu,cours,develop,year,student,includ,support,opportun,period,provid,research,programm,level,tef,employ,develop,student,veterinari,employ,result,student,academi,work,also,cours,new,learn,higher,wale,experi,profession,student,student,world,perform,learn,higher,also,skill,educ,year,programm,well,research,work,studi,academ,learn,provid,support,studi,programm,averag,employ,learn,staff,student,provid,practic,year,student,assess,educ,feedback,enhanc,develop,studi,academ,staff,colleg,within,provid,support,support,plymouth,provid,learn,support,year,employ,citi,undergradu,learn,improv,increas,impact,kingston,student,student,teach,placement,clinic,award,warwick,academ,satisfact,support,develop,teach,design
servic,support,perform,staff,academ,award,depart,student,particip,support,project,progress,invest,high,student,work,london,york,develop,time,higher,profession,feedback,work,year,academ,graduat,learn,teach,work,practic,use,meet,conservatoir,programm,develop,student,new,educ,staff,studi,student,practic,across,group,year,qualiti,staff,student,assess,work,teach,sector,tef,research,extern,learn,develop,profession,rate,activ,time,opportun,also,activ,learn,so3,year,practic,programm,level,assess,work,studi,academ,support,teach,provid,flag,nss,feedback,studi,studi,academ,year,ensur,programm,develop,teach,time,work,practic,graduat,educ,support,modul,modul,review,support,art
three,year,profession,curriculum,increas,perform,also,liverpool,soa,page,employ,assess,engag,achiev,support,support,research,equin,teach,nss,group,provid,staff,need,industri,provis,academ,teach,institut,provid,hon,social,develop,intern,work,activ,activ,one,employ,higher,includ,employ,includ,teach,result,student,innov,high,profession,activ,time,develop,level,graduat,assess,part,modul,teach,will,number,group,practic,develop,use,qualiti,research,le3,use,particip,educ,studi,employ,group,time,univers,cours,programm,leed,posit,student,support,offer,provid,outcom,su,feedback,educ,work,provid,learn,support,programm,work,higher,develop,assess,group,work,graduat,creativ
project,teach,danc,across,support,reflect,educ,teach,uk,name,space,practic,new,across,studi,staff,feedback,agricultur,engag,area,opportun,practic,goldsmith,access,work,provid,career,employ,number,name,industri,includ,assess,train,teach,approach,educ,centr,work,learn,graduat,educ,cours,outcom,nss,skill,repres,feedback,cours,develop,cours,practic,support,dlhe,graduat,examin,develop,standard,recent,veri,graduat,employ,level,mark,area,excel,so2,staff,develop,higher,graduat,report,learn,part,provid,studi,metric,academ,metric,score,opportun,career,support,scheme,educ,observ,award,employ,effect,rank,facil,qualiti,creat,cours,engag,engag,learn,report,experi,work
disabl,includ,support,award,experi,excel,engag,learn,non,posit,graduat,profession,improv,enhanc,outcom,perform,undergradu,develop,feedback,includ,school,high,ual,provis,employ,receiv,institut,report,welsh,year,creativ,intern,employ,king,teessid,staff,perform,staff,faculti,engag,across,level,develop,evid,mari,resourc,award,benchmark,busi,plan,academ,enhanc,increas,metric,employ,one,can,deliv,also,report,year,exampl,staff,qualiti,project,project,tq3,uca,collabor,time,group,effect,success,access,south,addit,split,metric,tef,satisfact,includ,librari,programm,increas,respons,requir,teach,engag,access,top,new,staff,engin,see,staff,london,enhanc,standard,resourc,project
placement,degre,triniti,includ,improv,note,provis,provid,compar,academ,success,engag,servic,offer,high,also,support,royal,scheme,specif,employ,institut,enhanc,rang,manag,degre,accredit,north,cardiff,staff,ba,health,action,rncm,music,servic,result,see,academ,qualiti,academ,academ,enhanc,benchmark,good,session,strong,abov,employ,feedback,one,staff,programm,hope,show,learn,report,g,research,show,rang,feedback,provis,standard,engag,outcom,le2,attend,learn,engin,base,relat,use,level,level,well,page,includ,core,benchmark,submiss,develop,qualiti,servic,improv,need,commit,studi,excel,excel,offer,first,focus,univers,practic,nss,level,opportun,excel,event
onlin,time,learn,intern,area,report,ukprn,skill,first,learn,digit,high,academ,valu,effect,effect,institut,base,within,success,inform,school,creativ,skill,design,opportun,staff,sunderland,languag,use,excel,need,examin,london,feedback,design,outcom,ukprn,need,includ,tef,develop,student,exampl,area,two,graduat,good,sector,year,part,access,high,benchmark,career,teach,team,includ,subject,start,scienc,enabl,experi,submiss,continu,experi,learn,kent,engag,hnd,data,level,campus,provid,research,tutori,flag,programm,degre,tef,engag,skill,higher,data,manchest,studi,exet,social,person,research,level,tutor,manag,continu,nss,across,experi,process,includ,nation
lectur,also,disciplin,us,year,enhanc,opportun,graduat,nation,opportun,partner,studi,well,practic,learn,posit,assess,use,uk,dure,skill,lead,art,local,page,requir,profession,solent,studi,also,graduat,progress,progress,art,royal,use,provis,allow,year,enabl,employ,part,deliv,high,non,evalu,union,rate,averag,will,experi,profession,provis,data,disabl,respons,use,learn,feedback,one,one,good,centr,uk,research,provid,so1,sport,communiti,improv,high,process,employ,develop,improv,week,posit,data,time,qualiti,provid,student,resourc,survey,chang,improv,academ,wide,system,high,expect,health,dure,academ,feedback,feedback,cours,educ,institut,student
train,team,artist,ensur,enhanc,engag,help,outcom,three,review,lead,use,impact,degre,achiev,high,requir,includ,approach,signific,develop,bangor,recent,identifi,level,divers,valu,sector,met,take,group,addit,manag,perform,includ,within,metric,import,durham,commit,period,univers,profession,team,question,continu,facil,skill,qualif,within,full,plan,continu,high,averag,addit,skill,posit,central,non,project,tutor,manag,tabl,achiev,achiev,tq2,particular,support,provid,institut,annual,rate,assess,anim,fdsc,requir,keel,skill,flag,posit,high,ukprn,system,support,time,reflect,approach,class,th,academ,extern,life,evid,improv,employ,engag,achiev,employ,product
studi,colleg,ucb,invest,staff,good,first,experi,mani,campus,enabl,involv,ukprn,qaa,progress,signific,degre,teach,rang,agre,member,perform,one,meet,colleg,can,improv,region,hea,place,design,local,team,fund,profession,technolog,provid,hour,profession,continu,placement,ensur,environ,achiev,taught,unit,uk,need,region,qualiti,employ,institut,experi,role,time,session,member,qualiti,design,averag,use,support,deliveri,assess,effect,area,le1,manag,partnership,hnc,ukprn,within,design,birkbeck,ee,system,differ,posit,major,subject,part,also,name,project,wp,receiv,total,award,tutor,data,vocat,standard,continu,examin,opportun,cours,inclus,examin,develop,repres
run,use,specialist,assess,within,curriculum,space,effect,take,provis,one,valid,role,evid,abov,teach,book,feedback,lancast,support,depart,drama,depart,widen,area,abov,extern,bgu,centr,can,relat,base,area,studio,ba,work,reflect,benefit,experi,teach,undergradu,provid,session,ensur,continu,term,score,progress,local,event,attain,assess,perform,uk,question,individu,staff,within,work,annual,respons,ensur,page,particip,level,includ,practic,name,feedback,survey,facil,posit,board,particip,bsc,will,social,flag,full,servic,focus,use,year,tef,signific,inform,univers,particip,skill,intern,gain,award,initi,degre,impact,academ,evalu,monitor,person,individu
academ,activ,signific,best,teach,practic,particular,import,onli,group,innov,teach,signific,good,year,place,receiv,assess,nss,relat,partnership,exampl,career,nation,team,wide,activ,east,project,approach,award,busi,follow,musician,studi,level,enhanc,sinc,includ,high,perform,within,area,base,see,materi,council,teacher,level,session,current,strategi,feedback,increas,sector,student,feedback,train,well,help,repres,industri,within,rate,pt,ukprn,student,continu,disciplin,good,differ,avail,creat,teach,staff,exampl,time,centr,can,percentag,survey,teach,review,action,three,also,level,scheme,also,provid,subject,final,busi,tef2,research,averag,progress,extern,background,current
technolog,provid,teacher,challeng,number,first,per,initi,undergradu,improv,programm,manag,central,consist,access,research,examin,staff,profession,score,effect,specialist,mani,offer,fda,will,high,ukprn,global,academ,institut,technolog,within,princip,staff,curriculum,clear,strong,direct,ucw,uk,local,ukprn,build,direct,follow,senior,continu,develop,team,key,review,respons,indic,veri,peer,follow,futur,relev,therefor,mark,develop,area,extern,high,inclus,tq4,includ,exampl,provis,achiev,inform,involv,progress,enrol,teacher,point,feedback,level,metric,rang,contribut,curriculum,bme,review,grade,number,union,hei,world,progress,high,first,class,approach,complet,achiev,programm,bme,practition
subject,group,birmingham,last,addit,total,mark,recognis,background,servic,environ,inform,profession,dure,appropri,veri,osteopath,farm,survey,tutor,key,best,place,inform,across,equal,experi,effect,vice,base,media,rang,staff,profession,direct,team,data,resourc,nurs,recognis,lse,group,offer,abov,score,abov,societi,metric,well,identifi,measur,relat,posit,measur,survey,encourag,activ,commit,good,present,board,educ,current,last,initi,recognis,staff,popul,framework,train,attend,develop,volunt,retent,signific,subject,provid,tutor,first,point,examin,societi,provis,strong,initi,agre,metric,teach,veri,institut,consult,face,comput,two,employ,well,staff,ba,mentor,technic
mentor,top,core,innov,approach,provid,expect,enhanc,make,continu,support,encourag,achiev,review,learner,inform,british,provid,learn,onli,standard,act,think,region,can,union,fellow,graduat,fellow,gain,assess,opportun,colleg,central,valley,support,achiev,communiti,use,assess,access,process,current,three,box,context,one,non,relat,process,perform,strateg,across,social,project,progress,good,exampl,disciplin,small,studi,experi,intern,degre,success,initi,matur,confer,major,progress,onli,identifi,disadvantag,outcom,studi,chichest,strategi,resourc,submiss,outcom,access,scienc,extern,number,committe,lectur,across,graduat,question,demonstr,curriculum,prepar,applic,mani,across,show,develop,assur,challeng,context
scheme,qualiti,laban,exampl,invest,work,resourc,resourc,proport,environ,take,contribut,score,tq1,develop,progress,demonstr,also,brighton,communiti,encourag,guildhal,get,recent,curriculum,access,servic,studi,chancellor,workshop,specialist,current,leader,orchestra,rcm,industri,assess,given,undertak,scholarship,teach,also,observ,award,number,assist,offer,well,start,promot,report,hea,metric,career,comment,applic,issu,activ,way,consid,qmul,individu,review,vle,ft,enterpris,skill,page,share,part,teach,review,professor,widen,indic,class,aspect,inform,part,overal,enhanc,rang,full,success,develop,complet,success,skill,staff,uk,chang,examin,assist,non,inform,teach,higher,level,non,staff
organis,nurs,particular,recognis,review,framework,metric,abov,strode,effect,inform,qualif,read,submiss,relev,uea,member,survey,practic,help,well,process,project,can,skill,high,focus,qualif,locat,two,product,work,will,bbc,member,success,made,just,ensur,centr,campus,time,review,learn,report,examin,four,outstand,excel,satisfact,event,ensur,period,figur,brook,take,will,reflect,accredit,princip,number,share,plan,intern,fund,award,nation,profil,experi,number,hartpuri,rang,transform,academ,repres,day,undergradu,librari,achiev,full,extern,number,clear,background,health,work,year,activ,opportun,degre,contribut,issu,oper,full,individu,monitor,will,repres,attribut,compani
last,part,profess,network,commit,sector,now,gain,uom,practic,provid,one,east,continu,use,meet,divers,metric,intern,question,leader,collabor,experi,base,show,higher,help,research,part,well,submiss,term,monitor,recent,extern,environ,studi,promot,depart,signific,group,nation,skill,led,count,event,recognit,level,depriv,ani,high,graduat,pal,requir,within,feedback,person,communiti,undertak,regard,specif,train,nation,addit,partnership,commit,sussex,senior,research,pearson,mani,qaa,challeng,servic,fund,size,will,core,averag,signific,offer,relat,strateg,will,communiti,learn,offer,initi,week,engag,foundat,number,entri,undergradu,good,skill,enabl,progress,knowledg,portfolio
undertak,repres,challeng,strateg,sinc,section,ucl,achiev,lower,exampl,new,base,now,qualif,profession,academ,fund,two,research,feedback,nation,director,exampl,modul,identifi,campus,day,receiv,opportun,wide,stage,role,appropri,g,assess,modul,compar,abl,signific,nation,annual,valid,veri,experi,team,address,mani,improv,care,deliveri,cohort,inform,consist,expect,result,year,week,job,best,nss,cambridg,consist,increas,overal,strategi,activ,respons,class,sinc,access,averag,award,contribut,onlin,qualif,submiss,core,enabl,respons,time,group,level,plan,target,current,meet,experi,signific,ensur,averag,top,framework,gain,submiss,design,gain,team,year,year,contact
led,qualif,us,person,opportun,show,activ,addit,languag,ensur,opportun,staff,also,access,manag,particular,cours,holloway,impact,one,equip,rang,form,matur,direct,buck,consist,strateg,access,run,live,challeng,ensur,westminst,year,specif,valu,real,matur,support,addit,degre,meet,consist,overal,book,appli,posit,place,strategi,effect,process,invest,disabl,enabl,committe,annual,profession,unit,georg,fund,lectur,work,return,demonstr,direct,extend,place,strategi,comput,nss,studi,interact,deliv,devon,land,negat,reflect,feedback,sector,two,one,discuss,build,continu,onli,point,plan,reflect,scienc,hefc,given,member,lsbu,see,success,us,outcom,ukprn,west
compar,full,week,cultur,key,analysi,uk,demonstr,foundat,staff,intervent,small,overal,higher,univers,close,academ,contact,sector,provid,tq1,prepar,royal,strength,use,oper,scheme,mean,laboratori,mean,intern,bodi,level,divers,hartlepool,enterpris,excel,describ,unit,work,union,strategi,highlight,group,full,allow,particip,grade,gain,focus,make,monitor,particular,set,work,modul,receiv,subject,intern,ani,appli,place,meet,cohort,qaa,share,relat,indic,establish,full,employ,design,engag,employ,continu,becaus,derbi,group,split,new,repres,give,meet,captur,start,contact,now,dure,evid,consid,equip,specialist,go,seek,complet,includ,ensur,fd,curriculum,live
launch,attend,dure,resourc,partnership,health,avail,inform,histori,activ,face,extern,campus,within,engag,success,nua,outcom,activ,tabl,address,level,help,earli,local,therefor,law,provid,sector,cultur,self,help,number,instrument,one,integr,challeng,committe,research,success,scienc,deliv,make,outstand,neath,review,student,observ,econom,increas,union,polici,year,term,make,much,comment,enterpris,extern,polar,advis,sport,avail,show,innov,design,develop,sector,annual,feedback,www,approv,deliv,programm,canterburi,small,digit,assess,continu,improv,career,three,tutori,salford,scienc,specif,divers,opportun,induct,promot,sport,placement,scheme,within,curriculum,environ,help,new,full,degre
fund,resourc,south,co,good,understand,learn,evid,everi,embed,creat,outcom,excel,photographi,north,commit,five,specialist,strateg,comment,within,mark,learn,team,help,import,bristol,aim,deliv,evalu,qualiti,see,intern,audit,report,via,qaa,care,see,demonstr,univers,qualiti,process,avail,regist,score,recent,data,establish,deliv,qualiti,annual,sinc,recruit,method,role,action,led,discuss,mani,assist,knowledg,process,placement,teach,univers,part,posit,confer,complet,result,career,increas,demonstr,manag,fe,practic,outstand,employ,support,busi,promot,mani,focus,enabl,comment,signific,submiss,resourc,lectur,relat,patient,bring,part,satisfact,line,knowledg,board,social,part
wellb,recognis,model,futur,librari,organis,agre,award,disadvantag,across,impact,specif,placement,facilit,entri,newcastl,full,rang,qualiti,full,use,alongsid,valu,current,clear,assur,chang,agenc,includ,give,train,also,extern,uk,enhanc,key,region,recent,imperi,programm,section,includ,extern,impact,confid,attend,rout,provis,result,includ,survey,base,improv,part,score,general,relev,key,includ,communic,avail,manag,vocat,resourc,direct,ensur,partner,lower,appropri,three,appli,action,sourc,recognis,report,process,environ,understand,data,centr,particip,make,process,mentor,new,coach,percentag,focus,posit,process,major,profession,recognit,extra,confid,qualiti,outcom,meet,activ,associ
recent,tutor,facil,first,signific,flag,understand,institut,least,way,target,time,measur,collabor,page,focus,review,perform,relat,posit,engag,artist,creat,tutor,centr,forward,involv,partnership,english,guidanc,formal,centr,rais,success,reflect,engin,retent,prepar,project,requir,major,need,induct,enabl,port,subject,rate,assess,nation,discuss,communiti,engag,demonstr,public,abl,critic,academ,partnership,bath,theme,law,provis,foundat,survey,technolog,attain,build,self,contribut,relat,survey,activ,practic,institut,applic,content,given,name,rang,success,will,year,day,career,strateg,ani,valu,across,high,enhanc,econom,manag,ukprn,much,encourag,lead,train,deliveri,achiev,final
offer,visit,criteria,new,new,issu,made,staff,home,result,approach,previous,open,now,confirm,well,open,horticultur,excel,overal,collabor,final,elect,resourc,last,account,three,base,captur,profession,recruit,within,address,cent,opportun,prepar,rang,video,independ,bodi,ukprn,individu,made,skill,respond,annual,taught,regular,low,new,introduc,evalu,strong,last,agre,specialist,open,integr,specif,fec,hour,monitor,colleg,record,partner,enhanc,divers,monitor,see,nation,engag,observ,collabor,attain,tef,rural,benchmark,tef,context,environ,presid,medic,staff,internship,commit,confid,communiti,led,dmu,bodi,move,cover,often,previous,focus,attend,use,expect,disabl,fashion
report,requir,sustain,fellowship,postgradu,fund,detail,commit,benefit,mean,way,career,around,open,indic,target,focuss,green,coventri,local,institut,note,felt,may,anim,particular,hour,current,experi,appropri,two,particip,foundat,record,receiv,graduat,progress,befor,placement,strateg,cohort,particular,board,pedagog,order,workshop,beyond,deliv,reflect,share,gap,retent,tef,found,tabl,lead,examin,doubl,challeng,suggest,scheme,classroom,appropri,well,strong,assess,personalis,ukprn,record,practic,requir,use,industri,fellow,addit,pastor,specif,practic,may,recent,campus,peer,cpd,ug,deliveri,includ,curriculum,first,facil,offer,compar,knowledg,confid,even,advic,low,satisfact,ukprn,continu,come
five,train,platform,institut,two,audit,structur,part,approxim,ukprn,offer,formal,work,metric,strong,opportun,event,g,comment,satisfact,second,actor,portsmouth,howev,made,undertaken,uk,proport,support,better,chiropract,divers,teach,equip,examin,background,level,featur,innov,cumbria,aston,provis,plan,undergradu,organis,achiev,disciplin,approach,earli,staff,promot,approach,rang,top,nation,aspect,teacher,wider,help,time,secur,undertak,includ,paragraph,approach,close,technolog,exampl,tool,foundat,dissert,expect,find,disabl,employ,cohort,lectur,digit,wide,first,enabl,accredit,annual,seen,success,number,follow,report,signific,rate,veri,benefit,whilst,find,strategi,opportun,metropolitan,student,stretch,produc
increas,review,creativ,space,progress,self,everi,cultur,state,refer,art,achiev,show,focus,gain,experi,develop,modul,accredit,major,benefit,alumni,open,qualifi,name,expert,role,brief,togeth,live,sound,number,strong,recognis,product,collabor,strategi,rang,part,strategi,class,hull,order,employ,strength,field,director,fair,also,requir,transit,report,deliv,prioriti,essex,differ,extern,career,seen,feel,evalu,set,event,link,modul,guid,confirm,counsel,benefit,nss,depart,relev,appli,london,biolog,male,disciplin,also,two,busi,question,consist,partnership,popul,action,attend,intern,integr,satisfi,quartil,focus,requir,fulli,build,show,per,record,committe,disadvantag,give
independ,overal,venu,sector,success,network,cohort,number,measur,place,inspir,busi,project,throughout,tariff,valu,ethnic,period,focus,via,involv,progress,carri,part,feel,standard,global,local,univers,public,low,name,hour,rehears,ensembl,dure,scholarship,format,least,lancashir,programm,enhanc,understand,world,popul,made,clear,detail,job,write,link,resourc,bournemouth,univers,valu,throughout,mean,address,evidenc,inspect,anglia,profession,lesson,establish,invest,promot,import,student,rais,rang,associ,invest,complet,aim,dunde,natur,term,time,criteria,appoint,vision,particular,also,encourag,servic,enrol,upon,aspect,design,figur,experi,healthcar,peer,bank,assess,end,structur,plan,report,also
research,result,abil,outstand,recruit,post,result,petroc,reach,valu,physic,process,part,ee,system,deliv,librari,complet,featur,proport,studi,innov,mentor,larg,abl,background,peer,make,confer,personalis,brief,workshop,greenwich,establish,opera,creativ,abov,particular,term,first,level,will,assess,annual,thing,peer,psrb,subject,accredit,implement,engag,measur,indic,qaa,month,inform,present,placement,physic,headcount,everi,link,relev,train,confer,make,access,possibl,approach,addit,integr,highlight,cornwal,group,marin,northbrook,qualif,educ,indic,particular,identifi,individu,design,disadvantag,g,identifi,name,retent,enter,nation,transit,bsc,paid,increas,analysi,collect,potenti,perform,understand,led
record,larg,follow,workshop,survey,follow,addit,section,postgradu,data,form,hertfordshir,result,ethnic,full,ensur,postgradu,recognis,includ,resourc,confid,specif,capac,note,progress,destin,associ,sever,almost,visit,enter,page,issu,new,compani,higher,personalis,interact,quartil,environ,via,committe,post,rang,qualiti,distinct,applic,receiv,school,futur,indic,identifi,ambit,educ,gain,mode,scholarship,formal,societi,colleg,percentag,attend,skill,hesa,fulli,collabor,period,studi,idea,two,non,ensur,hea,mani,embed,retent,perform,person,popul,enhanc,open,oxford,dure,impact,particip,result,page,posit,second,internship,alongsid,onli,analyt,engag,recognis,intervent,analysi,involv,inclus,tradit
clear,lrc,year,valu,modul,full,respond,recognit,attain,two,scholarship,core,research,toward,dure,strength,introduc,group,recognis,cohort,programm,intens,feel,opportun,equip,everi,criteria,develop,bodi,produc,state,skill,report,public,regular,implement,popul,present,tq1,achiev,servic,averag,experi,union,fellowship,present,link,tariff,bodi,polici,outreach,innov,relev,seek,librari,two,contribut,prepar,want,although,summer,strong,role,method,commend,current,assess,carri,mani,care,align,benchmark,entrepreneurship,make,behaviour,person,disabl,reward,low,past,set,teacher,area,level,career,qualif,faculti,ukprn,highest,veri,abl,brunel,throughout,view,sector,specialist,give,handbook,expect,first
small,due,film,differ,highlight,aim,place,given,doe,addit,point,scholarship,made,share,respons,outcom,six,examin,strong,term,particip,relev,former,quintil,knowledg,form,embed,septemb,professor,train,act,career,link,expert,comment,mechan,skill,rep,fund,approv,direct,survey,line,metric,medic,confer,associ,centr,person,period,line,fellowship,technolog,look,feel,outstand,need,busi,think,compar,manag,point,campus,way,sector,event,profession,show,becom,servic,abov,specif,senior,page,unit,practic,young,perform,loughborough,averag,end,uniqu,new,one,past,deliv,two,period,ukprn,valu,maintain,provid,need,tef,commit,librari,greater,aim,posit,exhibit
materi,voic,dedic,panel,enterpris,greater,member,basi,natur,team,access,focus,knowledg,trip,success,three,howev,similar,career,period,section,system,collabor,network,studio,etho,union,recognis,paragraph,senior,festiv,suffolk,apprenticeship,contemporari,mani,system,person,honour,bodi,non,profess,key,page,profession,follow,differ,highest,hei,will,student,matur,address,success,tradit,feedback,order,set,less,mani,structur,state,potenti,partner,modul,base,recognit,model,hon,learner,assess,relev,focus,particip,can,train,project,ukprn,session,last,approv,reflect,publish,document,uog,issu,outcom,voic,show,tutori,univers,undertak,degre,explor,total,result,progress,assess,confirm,contribut,around
team,identifi,similar,peer,recognis,initi,abil,valu,case,present,individu,regular,close,particip,local,identifi,equip,data,respond,respons,rnn,compos,problem,learner,three,believ,facilit,fd,curricular,close,visit,involv,per,hall,form,requir,detail,class,annual,entri,committe,continu,collect,support,base,english,nottingham,guidanc,submiss,northumbria,grade,period,describ,review,compar,contact,led,time,can,agreement,seminar,full,curriculum,signific,involv,framework,guidanc,second,across,learn,start,state,tailor,qualif,data,darlington,rigour,talbot,peer,previous,relev,receiv,respons,greater,profil,respons,introduc,entrant,session,programm,polar,legal,alumni,figur,evidenc,entri,sinc,retent,recognis,generat
week,past,person,curricular,help,t,specif,team,encourag,avail,potenti,record,classroom,abl,allow,librari,direct,rvc,exampl,benefit,across,assessor,reason,sheffield,interest,led,transform,equal,extens,term,move,mental,partner,board,regard,sustain,lead,alreadi,addit,consid,mani,identifi,better,indic,psrb,tool,subject,overal,charter,dure,femal,widen,collect,made,respond,present,encourag,interest,world,construct,relationship,establish,promot,fair,addit,benefit,independ,centr,citi,build,statist,clear,stem,abl,veri,help,way,polici,centr,academ,one,open,team,record,degre,environ,repres,destin,associ,principl,busi,expertis,regular,run,everi,critic,pass,clear,signific,help
level,ntu,latest,digit,part,polici,figur,includ,second,year,advic,peer,mobil,great,exampl,respond,russel,relat,role,qualif,sustain,environ,well,present,given,repres,provid,observ,previous,toward,categori,understand,valid,ukprn,coach,take,consist,newman,new,specialist,centr,name,regular,facilit,explain,need,academi,prepar,leaver,level,proport,placement,vle,time,sinc,discuss,requir,embed,input,represent,total,facilit,respect,better,posit,explor,bodi,tourism,recruit,rate,illustr,extern,partnership,need,agenda,reflect,establish,innov,around,vice,theme,will,follow,curricular,estat,throughout,leadership,digit,teacher,final,januari,board,bame,appropri,specialist,prepar,framework,role,skill,long
format,scienc,relationship,facil,qualiti,fellow,import,person,less,medicin,expertis,indic,set,section,assign,space,rigor,incorpor,lead,addit,specif,field,rapid,main,graphic,site,continu,lower,ukpsf,leader,competit,free,qualiti,profess,bmus,ravensbourn,repres,scottish,assess,award,record,modul,feedback,excel,prompt,film,hear,rigor,heart,busi,growth,central,selbi,market,review,young,abl,transfer,long,retent,format,standard,whilst,hour,progress,impact,figur,close,onli,pgce,compani,reflect,tccg,put,line,master,feedback,receiv,within,design,programm,extend,undertak,seek,associ,advic,evid,system,best,work,social,problem,next,respons,dlhe,rate,chickensh,differ,divers,discuss
hea,lead,divers,play,space,featur,choic,work,ani,forum,involv,target,veri,comment,particular,upon,success,whilst,abroad,offer,divers,play,equal,strategi,cpd,extens,standard,resourc,multi,learn,found,job,fc,top,amongst,attend,final,receiv,avail,hei,throughout,panel,allow,introduc,teacher,uk,near,monitor,recognit,aspect,nation,area,reflect,central,indic,aim,attend,pedagogi,tailor,held,person,often,approv,like,local,identifi,opportun,electron,peopl,construct,intellectu,tutor,communiti,peopl,disabl,bsc,made,fund,larg,non,bodi,dure,observ,gap,inform,offic,therefor,repres,regist,well,three,complet,won,intern,contact,studi,extend,cross,learn,combin
content,low,tef,divers,continu,produc,network,academ,mobil,director,embed,background,evid,impact,session,confirm,short,dissert,volunt,certif,modul,teacher,upon,follow,said,guidanc,increas,amr,workplac,first,respond,cultur,west,alumni,detail,region,guidanc,communic,survey,lta,avail,librari,manag,servic,programm,feedback,found,specif,requir,recruit,uclan,manag,career,definit,wide,due,take,apprenticeship,gain,facil,understand,need,futur,recruit,secur,dedic,gain,test,organis,scienc,conduct,involv,white,success,entri,either,tutor,faculti,matur,also,health,scheme,fund,differ,move,bodi,object,portfolio,state,design,anim,reflect,without,uwl,ukprn,negat,code,destin,futur,interview
view,cover,broadcast,led,introduct,gain,spend,intervent,advic,fulli,post,independ,allow,view,programm,best,presid,societi,underpin,name,creat,bodi,said,mission,timet,day,onlin,art,disciplinari,perform,period,difficulti,signific,philharmon,hour,teach,annual,taken,four,impact,third,progress,ensur,extens,bsc,write,lead,ukprn,rais,aim,materi,align,within,hesa,specif,hold,scholar,virtual,financi,complet,week,best,standard,rigour,guild,can,roehampton,challeng,connect,avail,wider,categori,strand,avail,evid,per,state,latest,allow,practic,strateg,languag,page,promot,face,prepar,run,event,togeth,leadership,development,environ,technolog,taught,monitor,senior,alway,moder,live,pedagog
case,enabl,hca,interact,complet,incorpor,consult,ljmu,among,maintain,identifi,cohort,nomin,questionnair,action,point,queen,three,consist,year,matter,festiv,pre,life,give,feed,make,http,council,onli,lead,run,fdsc,professor,recit,encourag,negat,four,believ,aspir,januari,northampton,re,split,best,forum,underpin,best,withdraw,invest,target,particular,defin,unemploy,understand,abov,critic,assur,appropri,key,dissert,becom,key,benchmark,respond,consult,although,well,design,vle,except,disadvantag,voic,work,toward,femal,relev,book,age,chancellor,experi,track,head,underpin,second,access,invest,personalis,ask,postgradu,utilis,may,capit,femal,cultur,view,consid,partner,health,rate
integr,advic,music,togeth,particular,sport,receiv,edg,may,committe,context,extens,substanti,made,partner,robust,rose,timet,collabor,rate,challeng,vocat,awar,structur,challeng,leadership,current,via,degre,choic,uk,allow,term,leader,devis,now,remain,facilit,core,document,disciplin,growth,commend,addit,compar,place,journal,take,like,key,career,framework,facil,softwar,report,classif,view,major,term,educ,known,major,across,career,hefc,independ,aspir,doncast,open,observ,connect,split,lab,world,post,general,deliveri,equip,option,indic,use,total,forum,categori,regist,demand,attain,implement,hour,us,fe,name,lectur,use,model,vari,young,onto,sector,issu
nomin,main,first,confer,core,procedur,counsel,maintain,cultur,electron,proport,complet,extra,strategi,low,benefit,demand,signific,colleg,base,make,fellowship,consult,differ,product,princip,plan,contain,mobil,expect,valid,wuc,provid,lipa,bruford,number,rate,competit,particular,agreement,help,mechan,excel,environ,first,first,place,base,confid,relev,decis,key,evid,agenda,teach,action,consid,respect,cover,cycl,assess,identifi,profession,understand,consult,sustain,user,refer,pre,diploma,ani,vle,enrich,valu,link,becom,govern,facilit,howev,introduct,southampton,popul,franchis,onlin,risk,job,order,birmingham,scholarship,employ,method,research,live,choic,retent,space,extra,concern,evalu,economi
librari,governor,audienc,plan,follow,two,offic,strateg,evidenc,honour,profil,recruit,polici,hugh,issu,alreadi,qmsu,ecolog,field,programm,workload,critic,anticip,account,invit,senior,england,theme,futur,recommend,health,wider,health,bmc,great,innov,project,interest,three,page,environ,demonstr,knowledg,meet,fte,credit,simul,exceed,initi,individu,largest,accredit,salari,place,intens,talk,ani,shape,amongst,age,deliv,stage,technic,system,enabl,approach,seek,updat,prioriti,recent,around,moodl,hesa,enabl,phd,idea,leadership,effect,west,dlhe,result,differ,respond,aim,beyond,total,three,promot,digit,sinc,travel,capac,room,honour,critic,intens,formal,maintain,integr,knowledg
compani,dlhe,moodl,hea,represent,benchmark,write,curriculum,can,ongo,set,specialist,size,publish,good,tyne,date,qualifi,strategi,children,websit,taught,vital,suit,practition,student,commit,regular,co,way,england,incom,skill,bespok,observ,busi,natur,believ,ethnic,academ,largest,board,virtual,start,tradit,journal,criteria,maintain,john,set,earli,establish,vision,month,therefor,outreach,number,head,bring,hold,semest,onlin,discuss,reduc,l,dissemin,rigour,childhood,strong,earli,evid,truro,app,enhanc,assur,chang,real,rang,case,strateg,meet,except,share,recent,key,detail,respect,pilot,form,commit,track,analysi,alongsid,success,throughout,six,bodi,guidanc,personalis,write
day,submit,young,reward,sport,graduat,faculti,focus,neighbourhood,qaa,build,food,month,uh,role,manag,hesa,hors,experienc,introduc,aim,engag,express,busi,media,link,good,record,commut,involv,remain,rich,aylesburi,represent,particip,communic,evidenc,whole,collect,valid,negat,communiti,communic,offic,small,public,contribut,effect,worcest,around,lead,leader,broad,acknowledg,scheme,toward,focus,return,heart,almost,ug,natur,septemb,subsequ,adopt,categori,whole,sampl,articul,forum,howev,individu,heart,get,workshop,success,rather,beckett,come,introduc,tef,background,taken,shown,campaign,group,dedic,lincoln,pre,commend,confirm,pal,extrem,stretch,collect,pathway,order,qualif,review,find
supervis,industri,routin,scholarship,led,build,necessari,whilst,factor,chang,across,digit,case,visit,set,initi,nss,held,embed,enrol,problem,impress,regular,introduct,awar,serv,fte,track,core,basi,profess,journey,grade,manchest,y1,kirkle,subject,outsid,knowledg,technolog,small,activ,respons,make,healthcar,hous,advic,comprehens,popul,now,base,provid,whole,club,curriculum,explor,put,deliveri,spa,abov,concern,prioriti,panel,referr,ukprn,lectur,statist,contract,mode,manufactur,confid,equal,doctor,interact,admiss,cross,much,septemb,mark,profession,impact,commit,evalu,two,lower,mentor,set,impact,element,equal,advanc,exam,remain,second,demonstr,stretch,involv,appli,impact,prize
